Method,Year,Author1,Author2,Author3,Author4,Author5,Author6,Author7,Author8,Author9,Author10,Author11,Author12,Author13,Author14,Author15,Author16,Author17,Author18,Author19,Author20,Author21,Author22,Author23,Author24,Author25,Author26,Author27,Author28,Author29,Author30,Author31,Author32,Author33,Author34,Author35
CCO,1992,Ray WA,Fought RL,Decker MD,,,,,,,,,,,,,,,,,,,,,,,,,,,,,,,,
CCO,1995,Sturkenboom MCM,Middelbeek A,de Jong-van den Berg LTW,van den Berg PB,Stricker BH,Wesseling H,,,,,,,,,,,,,,,,,,,,,,,,,,,,,
CCO,1998,Barbone F,McMahon AD,Davey PG,Morris AD,Reid IC,McDevitt DG,MacDonald TM,,,,,,,,,,,,,,,,,,,,,,,,,,,,
CCO,2001,Confavreux C,Suissa S,Saddier P,Bourdés V,Vukusic S,,,,,,,,,,,,,,,,,,,,,,,,,,,,,,
CCO,2001,Fagot JP,Mockenhaupt M,Bouwes-Bavinck JN,Naldi L,Viboud C,Roujeau JC,,,,,,,,,,,,,,,,,,,,,,,,,,,,,
CCO,2002,Neutel CI,Perry S,Maxwell C,,,,,,,,,,,,,,,,,,,,,,,,,,,,,,,,
CCO,2003,Etienney I,Beaugerie L,Viboud C,Flahault A,,,,,,,,,,,,,,,,,,,,,,,,,,,,,,,
CCO,2003,Hernandez-Diaz S,Hernan MA,Meyer K,Werler MM,Mitchell A,,,,,,,,,,,,,,,,,,,,,,,,,,,,,,
CCO,2003,Ki M,Park Taesung,Yi Sung Gon,Oh JK,Choi BoYoul,,,,,,,,,,,,,,,,,,,,,,,,,,,,,,
CCO,2004,France EK,Glanz JM,Xu Stan,Davis RL,Black SB,Shinefield HR,Zangwill KM,Marcy SM,Mullooly JP,Jackson LA,Chen Robert T,,,,,,,,,,,,,,,,,,,,,,,,
CCO,2004,Park Taesung,Ki M,Yi Sung Gon,,,,,,,,,,,,,,,,,,,,,,,,,,,,,,,,
CCO,2005,Aberra FN,Brensinger CM,Bilker WB,Lichtenstein GR,Lewis JD,,,,,,,,,,,,,,,,,,,,,,,,,,,,,,
CCO,2005,Cohen AD,Bonneh DY,Reuveni H,Vardy DA,Naggan L,Halevy S,,,,,,,,,,,,,,,,,,,,,,,,,,,,,
CCO,2005,Corrao G,Zambon A,Faini S,Bagnardi V,Leoni O,Suissa S,,,,,,,,,,,,,,,,,,,,,,,,,,,,,
CCO,2005,Mittleman MA,Maclure M,Glasser DB,,,,,,,,,,,,,,,,,,,,,,,,,,,,,,,,
CCO,2006,Biskupiak JE,Brixner DI,Howard K,Oderda GM,,,,,,,,,,,,,,,,,,,,,,,,,,,,,,,
CCO,2006,Gislason GH,Jacobsen SJ,Rasmussen JN,Rasmussen S,Buch P,Friberg J,Schramm TK,Abildstrom SZ,Kober L,Madsen M,Torp-Pedersen C,,,,,,,,,,,,,,,,,,,,,,,,
CCO,2006,Hambidge SJ,Glanz JM,France EK,McClure D,Xu Stan,Yamasaki K,Jackson LA,Mullooly JP,Zangwill KM,Marcy SM,Black SB,Lewis EM,Shinefield HR,Belongia EA,Nordin JD,Chen Robert T,Shay DK,Davis RL,DeStefano F,,,,,,,,,,,,,,,,
CCO,2006,Hunter DJ,York M,Chaisson CE,Woods R,Niu J,Zhang Yuqing,,,,,,,,,,,,,,,,,,,,,,,,,,,,,
CCO,2007,Finkelstein Y,Schechter T,Garcia-Bournissen F,Kirby M,Nurmohamed L,Juurlink DN,Blanchette V,Koren G,,,,,,,,,,,,,,,,,,,,,,,,,,,
CCO,2007,Handoko KB,Zwart-van Rijkom JEF,Hermens WAJJ,Souverein PC,Egberts TCG,,,,,,,,,,,,,,,,,,,,,,,,,,,,,,
CCO,2007,Kjaer D,Horvath-Puho E,Christensen J,Vestergaard M,Czeizel AE,Sorensen HT,Olsen J,,,,,,,,,,,,,,,,,,,,,,,,,,,,
CCO,2007,Sode J,Obel N,Hallas J,Lassen AT,,,,,,,,,,,,,,,,,,,,,,,,,,,,,,,
CCO,2008,Azoulay L,Blais L,Koren G,LeLorier J,Berard A,,,,,,,,,,,,,,,,,,,,,,,,,,,,,,
CCO,2008,Durán-Barragán S,McGwin Jr G,Vila LM,Reveille JD,Alarcón GS,,,,,,,,,,,,,,,,,,,,,,,,,,,,,,
CCO,2008,Hallas J,Bjerrum L,Stovring H,Andersen M,,,,,,,,,,,,,,,,,,,,,,,,,,,,,,,
CCO,2008,Hauser T,Mahr A,Metzler C,Coste J,Sommerstein R,Gross WL,Guillevin L,Hellmich B,,,,,,,,,,,,,,,,,,,,,,,,,,,
CCO,2008,Lee Chang-Hsing,Wang Jung-Der,Chen Pau-Chung,,,,,,,,,,,,,,,,,,,,,,,,,,,,,,,,
CCO,2008,Molokhia M,McKeigue P,Curcin V,Majeed A,,,,,,,,,,,,,,,,,,,,,,,,,,,,,,,
CCO,2008,Schelleman H,Bilker WB,Brensinger CM,Han X,Kimmel SE,Hennessy S,,,,,,,,,,,,,,,,,,,,,,,,,,,,,
CCO,2008,Teixeira L,Mouthon L,Mahr A,Berezné A, Agard C,Mehrenberger M,Noël LH,Trolliet P,Frances C,Cabane J,Guillevin L,,,,,,,,,,,,,,,,,,,,,,,,
CCO,2009,Andersen SS,Hansen ML,Gislason GH,Schramm TK,Folke F,Fosbol EL,Abildstrom SZ,Madsen M,Kober L,Torp-Pedersen C,,,,,,,,,,,,,,,,,,,,,,,,,
CCO,2009,Dall M,Schaffalitzky de Muckadell OB,Lassen AT,Hansen JM,Hallas J,,,,,,,,,,,,,,,,,,,,,,,,,,,,,,
CCO,2009,Gibson JE,Hubbard R,Smith C,Tata LJ,Britton J,Fogarty AW,,,,,,,,,,,,,,,,,,,,,,,,,,,,,
CCO,2009,Gislason GH,Rasmussen JN,Abildstrom SZ,Schramm TK,Hansen ML,Fosbol EL,Sorensen R,Folke F,Buch P,Gadsbøll N,Rasmussen S,Poulsen HE,Kober L,Madsen M,Torp-Pedersen C,,,,,,,,,,,,,,,,,,,,
CCO,2009,Park-Wyllie Ly,Mamdani M,Li P,Gill SS,Laupacis A,Juurlink DN,,,,,,,,,,,,,,,,,,,,,,,,,,,,,
CCO,2009,Rifkin SB,Smith MR,Brotman RM,Gindi RM,Erbelding EJ,,,,,,,,,,,,,,,,,,,,,,,,,,,,,,
CCO,2009,Zambon A,Friz HP,Contiero P,Corrao G,,,,,,,,,,,,,,,,,,,,,,,,,,,,,,,
CCO,2010,Chang Chia-Hsuin,Shau Wen-Yi,Kuo Chuei-Wen,Chen Shu-Ting,Lai Mei-Shu,,,,,,,,,,,,,,,,,,,,,,,,,,,,,,
CCO,2010,Fosbol EL,Folke F,Jacobsen SJ,Rasmussen JN,Sorensen R,Schramm TK,Andersen SS,Rasmussen S,Poulsen HE,Kober L,Torp-Pedersen C,Gislason GH,,,,,,,,,,,,,,,,,,,,,,,
CCO,2010,Gagne JJ,Avorn J,Shrank WH,Schneeweiss S,,,,,,,,,,,,,,,,,,,,,,,,,,,,,,,
CCO,2010,Grimaldi-Bensouda L,Abenhaim L,Michaud L,Mouterde O,Jonville-Bera AP,Giraudeau B,David B,Autret-Leca E,,,,,,,,,,,,,,,,,,,,,,,,,,,
CCO,2010,Lee Chang-Hsing,Wang Jung-Der,Chen Pau-Chung,,,,,,,,,,,,,,,,,,,,,,,,,,,,,,,,
CCO,2010,Martins IS,Pellegrino FL,Freitas A,Santos Mda,Ferraiuoli GI,Vasques MR,Amorim EL,Oliveira S,Nouer SA,Cardoso FL,Mascarenhas LA,Magalhaes AC,Cleinman IB,Figueiredo AM,Moreira BM,,,,,,,,,,,,,,,,,,,,
CCO,2010,Olesen JB,Hansen PR,Erdal J,Abildstrom SZ,Weeke P,Fosbol EL,Poulsen HE,Gislason GH,,,,,,,,,,,,,,,,,,,,,,,,,,,
CCO,2010,Orriols L,Delorme B,Gadegbeku B,Tricotel A,Contrand B,Laumon B,Salmi LR,Lagarde E,,,,,,,,,,,,,,,,,,,,,,,,,,,
CCO,2010,Schelleman H,Bilker WB,Brensinger CM,Wan F,Hennessy S,,,,,,,,,,,,,,,,,,,,,,,,,,,,,,
CCO,2010,Shuto H,Imakyure O,Matsumoto J,Egawa T,Jiang Y,Hirakawa M,Kataoka Y,Yanagawa T,,,,,,,,,,,,,,,,,,,,,,,,,,,
CCO,2010,Velthove KJ,Leufkens HG,Schweizer RC,van Solinge WW,Souverein PC,,,,,,,,,,,,,,,,,,,,,,,,,,,,,,
CCO,2011,Berard A,Azoulay L,Nakhai-Pour HR,Moussally K,,,,,,,,,,,,,,,,,,,,,,,,,,,,,,,
CCO,2011,Berry SD,Zhang Yuqing,Lipsitz LA,Mittleman MA,Solomon DH,Kiel DP,,,,,,,,,,,,,,,,,,,,,,,,,,,,,
CCO,2011,Chang Chia-Hsuin,Chen Hsi-Chieh,Lin Jou-Wei,Kuo Chuei-Wen,Shau Wen-Yi,Lai Mei-Shu,,,,,,,,,,,,,,,,,,,,,,,,,,,,,
CCO,2011,Chang Chia-Hsuin,Lin Jou-Wei,Chen Hsi-Chieh,Kuo Chuei-Wen,Shau Wen-Yi,Lai Mei-Shu,,,,,,,,,,,,,,,,,,,,,,,,,,,,,
CCO,2011,Choi Nam-Kyong,Chang Yoosoo,Jung Sun-Young,Choi Yu-Kyong,Lee Joongyub,Lee Jin-Ho,Kim Ju-Young,Park Byung-Joo,,,,,,,,,,,,,,,,,,,,,,,,,,,
CCO,2011,Garrison MM,Lozano P,Christakis DA,,,,,,,,,,,,,,,,,,,,,,,,,,,,,,,,
CCO,2011,Jung Sun-Young,Choi Nam-Kyong,Kim Ju-Young,Chang Yoosoo,Song HJ,Lee Joongyub,Park Byung-Joo,,,,,,,,,,,,,,,,,,,,,,,,,,,,
CCO,2011,Kilpatrick RD,Danese MD,Belozeroff V,Smirnakis K,Goodman WG,Rothman KJ,,,,,,,,,,,,,,,,,,,,,,,,,,,,,
CCO,2011,Lee Chang-Hsing,Wang Jung-Der,Chen Pau-Chung,,,,,,,,,,,,,,,,,,,,,,,,,,,,,,,,
CCO,2011,Meuleners LB,Duke J,Lee AH,Palamara P,Hildebrand J,Ng JQ,,,,,,,,,,,,,,,,,,,,,,,,,,,,,
CCO,2011,Orriols L,Philip P,Moore N,Castot A,Gadegbeku B,Delorme B,Mallaret M,Lagarde E,,,,,,,,,,,,,,,,,,,,,,,,,,,
CCO,2011,Risselada R,Straatman H,van Kooten F,Dippel DWJ,van der Lugt A,Niessen WJ,Firouzian A,Herings RMC,Sturkenboom MCM,,,,,,,,,,,,,,,,,,,,,,,,,,
CCO,2011,Toh S,Mitchell A,Anderka M,de Jong-van den Berg LTW,Hernandez-Diaz S,,,,,,,,,,,,,,,,,,,,,,,,,,,,,,
CCO,2011,Wright AJ,Gomes T,Mamdani M,Horn JR,Juurlink DN,,,,,,,,,,,,,,,,,,,,,,,,,,,,,,
CCO,2011,Wu Chi-Shin,Wang Sheng-Chang,Cheng Yu-Cheng,Gau Susan Shur-Fen,,,,,,,,,,,,,,,,,,,,,,,,,,,,,,,
CCO,2011,Yang Yao-Hsu,Lai Jung-Nien,Lee Chang-Hsing,Wang Jung-Der,Chen Pau-Chung,,,,,,,,,,,,,,,,,,,,,,,,,,,,,,
CCO,2012,Berry SD,Mittleman MA,Zhang Yuqing,Solomon DH,Lipsitz LA,Mostofsky E,Goldense D,Kiel DP,,,,,,,,,,,,,,,,,,,,,,,,,,,
CCO,2012,Kang Dong-Yoon,Park Soyoung,Rhee Chui-Woo,Kim Ye-Jee,Choi Nam-Kyong,Lee Joongyub,Park Byung-Joo,,,,,,,,,,,,,,,,,,,,,,,,,,,,
CCO,2012,Koopmans PC,Bos JH,de Jong-van den Berg LTW,,,,,,,,,,,,,,,,,,,,,,,,,,,,,,,,
CCO,2012,Lee Yen-Chieh,Chang Chia-Hsuin,Lin Jou-Wei,Chen Hsi-Chieh,Lin Min-Shung,Lai Mei-Shu,,,,,,,,,,,,,,,,,,,,,,,,,,,,,
CCO,2012,Liu Chia-Lin,Shau Wen-Yi,Wu Chi-Shin,Lai Mei-Shu,,,,,,,,,,,,,,,,,,,,,,,,,,,,,,,
CCO,2012,Orriols L,Queinec R,Philip P,Gadegbeku B,Delorme B,Moore N,Suissa S,Lagarde E,Avalos M,Bazin F,Blazejewski S,Contrand B,Durrieu G,Girodet PO,Goldberg M,Laumon B,Lauque D,Lecoules N,Memes L,Merle L,Montastruc JL,Noize P,Orsoni N,Pariente A,Ribereau-Gayon R,Salmi LR,Thiessard F,Tricotel A,,,,,,,
CCO,2012,Rogers MAM,Levine DA,Blumberg N,Flanders SA,Chopra V,Langa KM,,,,,,,,,,,,,,,,,,,,,,,,,,,,,
CCO,2012,Seitz DP,Campbell RJ,Bell CM,Gill SS,Gruneir A,Herrmann N,Newman AM,Anderson G,Rochon PA,,,,,,,,,,,,,,,,,,,,,,,,,,
CCO,2012,Shau Wen-Yi,Chen Hsi-Chieh,Chen Shu-Ting,Chou Hsu-Wen,Chang Chia-Hsuin,Kuo Chuei-Wen,Lai Mei-Shu,,,,,,,,,,,,,,,,,,,,,,,,,,,,
CCO,2012,Smith SW,Sato M,Gore SD,Baer MR,Ke X,McNally D,Davidoff A,,,,,,,,,,,,,,,,,,,,,,,,,,,,
CCO,2012,Wang Shirley,Linkletter C,Dore DD,Mor V,Buka S,Maclure M,,,,,,,,,,,,,,,,,,,,,,,,,,,,,
CCO,2012,Weeke P,Jensen A,Folke F,Gislason GH,Olesen JB,Andersson C,Fosbol EL,Larsen JK,Lippert FK,Nielsen SL,Gerds T,Andersen PK,Kanters JK,Poulsen HE,Pehrson S,Kober L,Torp-Pedersen C,,,,,,,,,,,,,,,,,,
CCO,2013,Berry SD,Lee Yoojin,Cai Shubing,Dore DD,,,,,,,,,,,,,,,,,,,,,,,,,,,,,,,
CCO,2013,Berry SD,Zhu Yanyan,Choi Hyon,Kiel DP,Zhang Yuqing,,,,,,,,,,,,,,,,,,,,,,,,,,,,,,
CCO,2013,Bird ST,Etminan M,Brophy JM,Hartzema AG,Delaney JAC,,,,,,,,,,,,,,,,,,,,,,,,,,,,,,
CCO,2013,Bjorkenstam C,Moller J,Ringback G,Salmi P,Hallqvist J,Ljung R,,,,,,,,,,,,,,,,,,,,,,,,,,,,,
CCO,2013,Choi Nam-Kyong,Lee Joongyub,Chang Yoosoo,Jung Sun-Young,Kim Ju-Young,Song HJ,Park Byung-Joo,,,,,,,,,,,,,,,,,,,,,,,,,,,,
CCO,2013,Huang EJ,Bonafide CP,Karen R,Nadkarni VM,Holmes JH,,,,,,,,,,,,,,,,,,,,,,,,,,,,,,
CCO,2013,Lee Chang-Hoon,Jang Eun Jin,Hyun Min Kyung,Lee Na Rae,Kim Kyungjoo,Yim Jae-Joon,,,,,,,,,,,,,,,,,,,,,,,,,,,,,
CCO,2013,Liu Chia-Lin,Shau Wen-Yi,Chang Chia-Hsuin,Wu Chi-Shin,Lai Mei-Shu,,,,,,,,,,,,,,,,,,,,,,,,,,,,,,
CCO,2013,Orriols L,Foubert-Samier A,Gadegbeku B,Delorme B,Tricotel A,Philip P,Moore N,Lagarde E,,,,,,,,,,,,,,,,,,,,,,,,,,,
CCO,2013,Orriols L,Wilchesky M,Lagarde E,Suissa S,,,,,,,,,,,,,,,,,,,,,,,,,,,,,,,
CCO,2013,Price SD,Holman CDJ,Sanfilippo FM,Emery JD,,,,,,,,,,,,,,,,,,,,,,,,,,,,,,,
CCO,2013,Shin Ju-Young,Choi Nam-Kyong,Jung Sun-Young,Lee Joongyub,Kwon Jun S,Park Byung-Joo,,,,,,,,,,,,,,,,,,,,,,,,,,,,,
CCO,2013,Soderberg KC,Laflamme L,Moller J,,,,,,,,,,,,,,,,,,,,,,,,,,,,,,,,
CCO,2013,Wu Chi-Shin,Wang Sheng-Chang,Gau Susan Shur-Fen,Tsai Hui-Ju,Cheng Yu-Cheng,,,,,,,,,,,,,,,,,,,,,,,,,,,,,,
SCCS,1995,Farrington CP,Pugh S,Colville A,Flower A,Nash J,Morgan-Capner P,Rush M,Miller E,,,,,,,,,,,,,,,,,,,,,,,,,,,
SCCS,2000,Dourado I,Cunha S,Teixeira MG,Farrington CP,Melo A,Lucena R,Barreto ML,,,,,,,,,,,,,,,,,,,,,,,,,,,,
SCCS,2001,Andrews N,Miller E,Waight P,Farrington CP,Crowcroft NS,Stowe J,Taylor B,,,,,,,,,,,,,,,,,,,,,,,,,,,,
SCCS,2001,Farrington CP,Miller E,Taylor B,,,,,,,,,,,,,,,,,,,,,,,,,,,,,,,,
SCCS,2001,Kramarz P,DeStefano F,Gargiullo PM,Chen Robert T,Lieu TA,Davis RL,Mullooly JP,Black SB,Shinefield HR,Bohlke K,Ward JI,Marcy SM,,,,,,,,,,,,,,,,,,,,,,,
SCCS,2001,Miller E,Waight P,Farrington CP,Andrews N,Stowe J,Taylor B,,,,,,,,,,,,,,,,,,,,,,,,,,,,,
SCCS,2001,Murphy TV,Gargiullo PM,Massoudi MS,Nelson DB,Jumaan AO,Okoro CA,Zanardi LR,Setia S,Fair E,LeBaron CW,Wharton M,Livingood JR,,,,,,,,,,,,,,,,,,,,,,,
SCCS,2001,Sardinas MAG,Cardenas AZ,Marie GC,Pena MS,Santiago MA,Sanchez MV,Farrington CP,,,,,,,,,,,,,,,,,,,,,,,,,,,,
SCCS,2003,Hubbard R,Farrington CP,Smith C,Smeeth L,Tattersfield A,,,,,,,,,,,,,,,,,,,,,,,,,,,,,,
SCCS,2003,Miller E,Andrews N,Waight P,Taylor B,,,,,,,,,,,,,,,,,,,,,,,,,,,,,,,
SCCS,2003,Tata LJ,West J,Harrison T,Farrington CP,Smith C,Hubbard R,,,,,,,,,,,,,,,,,,,,,,,,,,,,,
SCCS,2004,Mutsch M,Zhou W,Rhodes P,Bopp M,Chen Robert T,Linder T,Spyr C,Steffen R,,,,,,,,,,,,,,,,,,,,,,,,,,,
SCCS,2004,Smeeth L,Thomas SL,Hall AJ,Hubbard R,Farrington CP,Vallance P,,,,,,,,,,,,,,,,,,,,,,,,,,,,,
SCCS,2005,Ali M,Canh Gia D,Clemens JD,Park JK,von Seidlein L,Minh TT,Thiem DV,Tho HL,Trach DD,,,,,,,,,,,,,,,,,,,,,,,,,,
SCCS,2005,Hubbard R,Lewis S,Smith C,Godfrey C,Smeeth L,Farrington CP,Britton J,,,,,,,,,,,,,,,,,,,,,,,,,,,,
SCCS,2005,Hubbard R,Lewis S,West J,Smith C,Godfrey C,Smeeth L,Farrington CP,Britton J,,,,,,,,,,,,,,,,,,,,,,,,,,,
SCCS,2005,Tata LJ,Fortun PJ,Hubbard R,Smeeth L,Hawkey CJ,Smith C,Whitaker HJ,Farrington CP,Card T,West J,,,,,,,,,,,,,,,,,,,,,,,,,
SCCS,2005,Tata LJ,West J,Smith C,Farrington CP,Card T,Smeeth L,Hubbard R,,,,,,,,,,,,,,,,,,,,,,,,,,,,
SCCS,2006,Cameron JC,Walsh D,Finlayson AR,Boyd JH,,,,,,,,,,,,,,,,,,,,,,,,,,,,,,,
SCCS,2006,Hughes RA,Charlton J,Latinovic R,Gulliford MC,,,,,,,,,,,,,,,,,,,,,,,,,,,,,,,
SCCS,2006,Juurlink DN,Stukel TA,Kwong J,Kopp A,McGee A,Upshur RE,Manuel DG,Moineddin R,Wilson K,,,,,,,,,,,,,,,,,,,,,,,,,,
SCCS,2006,Stowe J,Andrews N,Wise L,Miller E,,,,,,,,,,,,,,,,,,,,,,,,,,,,,,,
SCCS,2007,Andrews N,Stowe J,Miller E,Taylor B,,,,,,,,,,,,,,,,,,,,,,,,,,,,,,,
SCCS,2007,Miller E,Andrews N,Stowe J,Grant A,Waight P,Taylor B,,,,,,,,,,,,,,,,,,,,,,,,,,,,,
SCCS,2007,Taylor B,Andrews N,Stowe J,Hamidi-Manesh L,Miller E,,,,,,,,,,,,,,,,,,,,,,,,,,,,,,
SCCS,2007,Ward KN,Bryant NJ,Andrews N,Bowley JS,Ohrling A,Verity CM,Ross EM,Miller E,,,,,,,,,,,,,,,,,,,,,,,,,,,
SCCS,2008,Douglas I,Smeeth L,,,,,,,,,,,,,,,,,,,,,,,,,,,,,,,,,
SCCS,2008,Grosso A,Douglas I,Hingorani A,MacAllister R,Smeeth L,,,,,,,,,,,,,,,,,,,,,,,,,,,,,,
SCCS,2008,Stowe J,Kafatos G,Andrews N,Miller E,,,,,,,,,,,,,,,,,,,,,,,,,,,,,,,
SCCS,2009,Douglas I,Evans SJ,Pocock S,Smeeth L,,,,,,,,,,,,,,,,,,,,,,,,,,,,,,,
SCCS,2009,Grosso A,Douglas I,Hingorani A,MacAllister R,Smeeth L,,,,,,,,,,,,,,,,,,,,,,,,,,,,,,
SCCS,2009,Grosso A,Douglas I,Hingorani A,MacAllister R,Hubbard R,Smeeth L,,,,,,,,,,,,,,,,,,,,,,,,,,,,,
SCCS,2009,Naleway AL,Belongia EA,Donahue JG,Kieke BA,Glanz JM,,,,,,,,,,,,,,,,,,,,,,,,,,,,,,
SCCS,2009,Stowe J,Andrews N,Taylor B,Miller E,,,,,,,,,,,,,,,,,,,,,,,,,,,,,,,
SCCS,2009,Stowe J,Andrews N,Wise L,Miller E,,,,,,,,,,,,,,,,,,,,,,,,,,,,,,,
SCCS,2009,Zinman L,Thoma J,Kwong J,Kopp A,Stukel TA,Juurlink DN,,,,,,,,,,,,,,,,,,,,,,,,,,,,,
SCCS,2010,Gold M,Dugdale S,Woodman RJ,McCaul KA,,,,,,,,,,,,,,,,,,,,,,,,,,,,,,,
SCCS,2010,Huang Wan-Ting,Gargiullo PM,Broder KR,Weintraub ES,Iskander JK,Klein NP,Baggs JM,,,,,,,,,,,,,,,,,,,,,,,,,,,,
SCCS,2010,Petersen I,Gilbert R,Evans SJ,Ridolfi A,Nazareth I,,,,,,,,,,,,,,,,,,,,,,,,,,,,,,
SCCS,2011,Andrews N,Stowe J,Al-Shahi Salman R,Miller E,,,,,,,,,,,,,,,,,,,,,,,,,,,,,,,
SCCS,2011,Coupland CAC,Dhiman P,Barton G,Morriss R,Arthur A,Sach T,Hippisley-Cox J,,,,,,,,,,,,,,,,,,,,,,,,,,,,
SCCS,2011,Escolano S,Farrington CP,Hill C,Tubert-Bitter P,,,,,,,,,,,,,,,,,,,,,,,,,,,,,,,
SCCS,2011,Farez MF,Correale J,,,,,,,,,,,,,,,,,,,,,,,,,,,,,,,,,
SCCS,2011,Glanz JM,Newcomer SR,Hambidge SJ,Daley MF,Narwaney KJ,Xu Stan,Lee Grace M,Baggs JM,Klein NP,Nordin JD,Naleway AL,Belongia EA,Weintraub ES,,,,,,,,,,,,,,,,,,,,,,
SCCS,2011,Gribbin J,Hubbard R,Gladman J,Smith C,Lewis S,,,,,,,,,,,,,,,,,,,,,,,,,,,,,,
SCCS,2011,Gribbin J,Hubbard R,Gladman J,Smith C,Lewis S,,,,,,,,,,,,,,,,,,,,,,,,,,,,,,
SCCS,2011,Gwini SM,Coupland CAC,Siriwardena AN,,,,,,,,,,,,,,,,,,,,,,,,,,,,,,,,
SCCS,2011,Hambidge SJ,Ross C,McClure D,Glanz JM,,,,,,,,,,,,,,,,,,,,,,,,,,,,,,,
SCCS,2011,Morgan TM,Schlegel C,Edwards KM,Welch-Burke T,Zhu Yuwei,Sparks R,Summar M,,,,,,,,,,,,,,,,,,,,,,,,,,,,
SCCS,2011,Mullooly JP,Schuler R,Mesa J,Drew L,DeStefano F,,,,,,,,,,,,,,,,,,,,,,,,,,,,,,
SCCS,2011,Patel MM,Lopez-Callada VR,Bulhoes MM,De Oliveira LH,Marquez AB,Flannery B,Esparza-Aguilar M,Renoiner EIM,Luna-Cruz ME,Sato HK,Hernandez-Hernandez LD,Toledo-Cortina G,Ceron-Rodriguez M,Osnaya-Romero N,Martinez-Alcazar M,Aguinaga-Villasenor RG,Plascencia-Hernandez A,Fojaco-Gonzalez F,Rezk GHP,Gutierrez-Ramirez SF,Dorame-Castillo R,Tinajero-Pizano R,Mercado-Villegas B,Barbosa MR,Maluf EMC,Ferreira LB,de Carvalho FM,dos Santos AR,Cesar ED,de Oliveira MEP,Silva CLO,Cortes MD,Matus CR,Tate J,Gargiullo PM
SCCS,2011,Stowe J,Andrews N,Bryan P,Seabroke S,Miller E,,,,,,,,,,,,,,,,,,,,,,,,,,,,,,
SCCS,2011,Traversa G,Spila-Alegiani S,Bianchi C,degli Atti MC,Frova L,Massari M,Raschetti R,Salmaso S,Tomba GS,,,,,,,,,,,,,,,,,,,,,,,,,,
SCCS,2011,Wilson K,Hawken S,Kwong JC,Deeks SL,Crowcroft NS,Van Walraven C,Potter BK,Chakraborty P,Keelan J,Pluscauskas M,Manuel DG,,,,,,,,,,,,,,,,,,,,,,,,
SCCS,2011,Wilson K,Hawken S,Kwong JC,Deeks SL,Manuel DG,Henningsen KH,Crowcroft NS,,,,,,,,,,,,,,,,,,,,,,,,,,,,
SCCS,2011,Wilson K,Hawken S,Potter BK,Chakraborty P,Kwong JC,Crowcroft NS,Rothwell D,Manuel DG,,,,,,,,,,,,,,,,,,,,,,,,,,,
SCCS,2012,Andrews N,Stowe J,Miller E,Svanstrom H,Johansen K,Bonhoeffer J,Hviid A,,,,,,,,,,,,,,,,,,,,,,,,,,,,
SCCS,2012,Arnheim-Dahlstrom L,Hallgreen J,Weibull CE,Sparen P,,,,,,,,,,,,,,,,,,,,,,,,,,,,,,,
SCCS,2012,Butt DA,Mamdani M,Austin PC,Tu Karen,Gomes T,Glazier RH,,,,,,,,,,,,,,,,,,,,,,,,,,,,,
SCCS,2012,Crawford NW,Cheng A,Andrews N,Charles PG,Clothier HJ,Day B,Day T,Gates P,Macdonnell R,Roberts L,Rodriguez-Casero V,Wijeratne T,Kiers L,,,,,,,,,,,,,,,,,,,,,,
SCCS,2012,Dassanayake TL,Jones AL,Michie PT,Carter GL,McElduff P,Stokes BJ,Whyte IM,,,,,,,,,,,,,,,,,,,,,,,,,,,,
SCCS,2012,De Wals P,Deceuninck G,Toth E,Boulianne N,Brunet D,Boucher RM,Landry M,De Serres G,,,,,,,,,,,,,,,,,,,,,,,,,,,
SCCS,2012,Douglas I,Evans SJ,Hingorani A,Grosso A,Timmis  A,Hemingway H,Smeeth L,,,,,,,,,,,,,,,,,,,,,,,,,,,,
SCCS,2012,Hambidge SJ,Ross C,Glanz JM,McClure D,Daley MF,Xu Stan,Shoup JA,Narwaney KJ,Baggs JM,Weintraub ES,Gay C,Nordin JD,Baxter R,Jacobsen SJ,Irving S,Naleway AL,Jackson LA,,,,,,,,,,,,,,,,,,
SCCS,2012,Hawken S,Manuel DG,Deeks SL,Kwong JC,Crowcroft NS,Wilson K,,,,,,,,,,,,,,,,,,,,,,,,,,,,,
SCCS,2012,Pariente A,Fourrier-Reglat A,Ducruet T,Farrington CP,Beland SG,Dartigues JF,Moore N,Moride Y,,,,,,,,,,,,,,,,,,,,,,,,,,,
SCCS,2012,Sun Y,Christensen J,Hviid A,Li J,Vedsted P,Olsen J,Vestergaard M,,,,,,,,,,,,,,,,,,,,,,,,,,,,
SCCS,2012,Tokars JI,Lewis P,DeStefano F,Wise M,Viray M,Morgan O,Gargiullo PM,Vellozzi C,,,,,,,,,,,,,,,,,,,,,,,,,,,
SCCS,2012,Tseng HF,Liu A,Sy Lina S,Marcy SM,Fireman BH,Weintraub ES,Baggs JM,Weinmann S,Baxter R,Nordin JD,Daley JM,Jackson LA,Jacobsen SJ,,,,,,,,,,,,,,,,,,,,,,
SCCS,2012,Velazquez FR,Colindres RE,Grajales C,Hernandez MT,Mercadillo MG,Torres FJ,Cervantes-Apolinar M,DeAntonio-Suarez R,Ortega-Barria E,Blum M,Breuer T,Verstraeten T,,,,,,,,,,,,,,,,,,,,,,,
SCCS,2012,Wilson K,Hawken S,,,,,,,,,,,,,,,,,,,,,,,,,,,,,,,,,
SCCS,2013,Asturias EJ,Contreras-Roldan IL,Ram M,Garcia-Melgar AJ,Morales-Oquendo V,Hartman K,Rauscher M,Moulton LH,Halsey NA,,,,,,,,,,,,,,,,,,,,,,,,,,
SCCS,2013,Benchimol EI,Hawken S,Kwong JC,Wilson K,,,,,,,,,,,,,,,,,,,,,,,,,,,,,,,
SCCS,2013,Bird ST,Delaney JAC,Brophy JM,Etminan M,Skeldon SC,Hartzema AG,,,,,,,,,,,,,,,,,,,,,,,,,,,,,
SCCS,2013,Butt DA,Mamdani M,Austin PC,Tu Karen,Gomes T,Glazier RH,,,,,,,,,,,,,,,,,,,,,,,,,,,,,
SCCS,2013,Carlin JB,Macartney KK,Lee KJ,Quinn HE,Buttery J,Lopert R,Bines J,McIntyre PB,,,,,,,,,,,,,,,,,,,,,,,,,,,
SCCS,2013,Dodd CN,Romio SA,Black SB,Vellozzi C,Andrews N,Sturkenboom MCM,Zuber P,Hua W,Bonhoeffer J,Buttery J,Crawford NW,Deceuninck G,de Vries CS,De Wals P,Gutierrez-Gimeno MV,Heijbel H,Hughes H,Hur K,Hviid A,Kelman J,Kilpi T,Chuang SK,Macartney KK,Rett M,Lopez-Callada VR,Salmon D,Gimenez-Sanchez F,Sanz N,Silverman B,Storsaeter J,Thirugnanam U,van der Maas N,Yih K,Zhang T,Izurieta H
SCCS,2013,Donegan K,Beau-Lejdstrom R,King B,Seabroke S,Thomson A,Bryan P,,,,,,,,,,,,,,,,,,,,,,,,,,,,,
SCCS,2013,Fardet L,Nazareth I,Whitaker HJ,Petersen I,,,,,,,,,,,,,,,,,,,,,,,,,,,,,,,
SCCS,2013,Galeotti F,Massari M,D'Alessandro R,Beghi E,Chio A,Logroscino G,Filippini G,Benedetti MD,Pugliatti M,Santuccio C,Raschetti R,,,,,,,,,,,,,,,,,,,,,,,,
SCCS,2013,Huang Wan-Ting,Yang Hsu-Wen,Liao Tzu-Lin,Wu Wan-Jen,Yang Shu-Er,Chih Yi-Chlen,Chuang Jen-Hsiang,,,,,,,,,,,,,,,,,,,,,,,,,,,,
SCCS,2013,Raman SR,Marshall SW,Haynes K,Gaynes BN,Naftel AJ,Sturmer T,,,,,,,,,,,,,,,,,,,,,,,,,,,,,
SCCS,2013,Tseng HF,Sy Lina S,Qian L, Marcy SM,Jackson LA,Glanz JM,Nordin JD,Baxter R,Naleway AL,Donahue JG,Weintraub ES,Jacobsen SJ,,,,,,,,,,,,,,,,,,,,,,,
SCCS,2013,Wijlaars LPMM,Nazareth I,Whitaker HJ,Evans SJ,Petersen I,,,,,,,,,,,,,,,,,,,,,,,,,,,,,,
SCCS,2013,Wilson K,Ducharme R,Hawken S,,,,,,,,,,,,,,,,,,,,,,,,,,,,,,,,
